{"cameraMode":{"drawMode":0,"name":"Shaded","section":"Shading Mode"},"sceneLighting":true,"audioPlay":false,"sceneViewState":{"showFog":true,"showMaterialUpdate":true,"showSkybox":true,"showFlares":true,"showImageEffects":true,"showParticleSystems":true},"in2DMode":false,"pivot":{"x":126.8171615600586,"y":12.466179847717286,"z":376.3421630859375},"rotation":{"x":0.019308242946863176,"y":-0.6546878814697266,"z":-0.016651064157485963,"w":-0.7555434107780457},"size":84.7552719116211,"orthographic":false}